Workreport_ID,SSN,Contractor,Contractor_review,Contractor_remuneration,Total_cost,Description,Approved
wrep1,123456-0001,N/A,N/A,N/A,30.000.-,Gekk vel fékk fríar piparkökur:),False
wrep2,123456-0004,N/A,N/A,N/A,10.000.-,Gekk rosa vel,False
wrep3,123456-0004,N/A,N/A,N/A,10.000.-,Gekk rosa vel,False
wrep4,123456-0005,N/A,N/A,N/A,10.000.-,Gekk allt í lagi,False
wrep5,123456-0006,N/A,N/A,N/A,10.000.-,Gekk þokkalega,False
wrep6,123456-0004,N/A,N/A,N/A,10.000.-,Gekk mjög vel,False
wrep7,123456-0005,N/A,N/A,N/A,10.000.-,Gekk vel!,False
wrep8,123456-0006,N/A,N/A,N/A,10.000.-,Gekk eins og í sögu,False
wrep9,123456-0004,N/A,N/A,N/A,10.000.-,Chuck ætti að gefa mér stöðuhækkun fyrir þetta verk!,False
wrep10,123456-0005,N/A,N/A,N/A,10.000.-,Gekk vel!,False
wrep11,123456-0006,N/A,N/A,N/A,10.000.-,Gekk þokkalega,False
wrep12,123456-0004,N/A,N/A,N/A,10.000.-,Gekk þokkalega,False
wrep13,123456-0005,N/A,N/A,N/A,10.000.-,Gekk vel!,False
wrep14,123456-0006,N/A,N/A,N/A,10.000.-,Gekk þokkalega,False
wrep15,123456-0004,N/A,N/A,N/A,10.000.-,Gekk þokkalega,False
wrep16,123456-0005,N/A,N/A,N/A,10.000.-,Gekk vel!,False
wrep17,123456-0006,N/A,N/A,N/A,10.000.-,Gekk þokkalega,False
wrep18,123456-0004,N/A,N/A,N/A,10.000.-,Gekk þokkalega,False
wrep19,123456-0005,N/A,N/A,N/A,10.000.-,Gekk vel!,False
wrep20,123456-0006,N/A,N/A,N/A,10.000.-,Gekk þokkalega,False
wrep21,123456-0004,N/A,N/A,N/A,10.000.-,Gekk þokkalega,False
wrep22,123456-0005,N/A,N/A,N/A,10.000.-,Gekk vel!,False
wrep23,123456-0006,N/A,N/A,N/A,10.000.-,Gekk þokkalega,False
wrep24,123456-0004,N/A,N/A,N/A,10.000.-,Gekk þokkalega,False
wrep25,123456-0005,N/A,N/A,N/A,10.000.-,Gekk vel!,False
wrep26,123456-0006,N/A,N/A,N/A,10.000.-,Gekk þokkalega,False
wrep27,123456-0004,N/A,N/A,N/A,10.000.-,Gekk rose vel,False
wrep28,123456-0005,N/A,N/A,N/A,10.000.-,Gekk vel!,False
wrep29,123456-0006,N/A,N/A,N/A,10.000.-,Gekk allt í lagi,False
wrep30,123456-0004,N/A,N/A,N/A,10.000.-,Gekk rosa vel,False
wrep31,123456-0005,N/A,N/A,N/A,10.000.-,Gekk vel!,False
wrep32,123456-0006,N/A,N/A,N/A,10.000.-,Gekk þokkalega,False
wrep33,123456-0004,N/A,N/A,N/A,10.000.-,Gekk rosa vel,False
wrep34,123456-0005,N/A,N/A,N/A,10.000.-,Gekk vel!,False
wrep35,123456-0006,N/A,N/A,N/A,10.000.-,Gekk þokkalega,False
wrep36,123456-0004,N/A,N/A,N/A,10.000.-,Gekk rosa vel,False
wrep37,123456-0005,N/A,N/A,N/A,10.000.-,Gekk vel!,False
wrep38,123456-0006,N/A,N/A,N/A,10.000.-,Gekk þokkalega,False
wrep39,123456-0004,N/A,N/A,N/A,10.000.-,Gekk rosa vel,False
wrep40,123456-0005,N/A,N/A,N/A,10.000.-,Gekk vel!,False
wrep41,123456-0006,N/A,N/A,N/A,10.000.-,Gekk þokkalega,False
wrep42,123456-0004,N/A,N/A,N/A,10.000.-,Gekk rosa vel,False
wrep43,123456-0005,N/A,N/A,N/A,10.000.-,Gekk vel!,False
wrep44,123456-0006,N/A,N/A,N/A,10.000.-,Gekk þokkalega,False
wrep45,123456-0004,N/A,N/A,N/A,10.000.-,Gekk rosa vel,False
wrep46,123456-0005,N/A,N/A,N/A,10.000.-,Gekk vel!,False
wrep47,123456-0006,N/A,N/A,N/A,10.000.-,Gekk þokkalega,False
wrep48,123456-0004,N/A,N/A,N/A,10.000.-,Gekk rosa vel,False
wrep49,123456-0005,N/A,N/A,N/A,10.000.-,Gekk vel!,False
wrep50,123456-0006,N/A,N/A,N/A,10.000.-,Gekk þokkalega,False
wrep51,123456-0004,N/A,N/A,N/A,10.000.-,Gekk rosa vel,False
wrep52,123456-0005,N/A,N/A,N/A,10.000.-,Gekk vel!,False
wrep53,123456-0006,N/A,N/A,N/A,10.000.-,Gekk þokkalega,False
wrep54,123456-0004,N/A,N/A,N/A,10.000.-,Gekk rosa vel,False
wrep55,123456-0005,N/A,N/A,N/A,10.000.-,Gekk vel!,False
wrep56,123456-0006,N/A,N/A,N/A,10.000.-,Gekk þokkalega,False
wrep57,123456-0004,N/A,N/A,N/A,10.000.-,Gekk rosa vel,False
wrep58,123456-0005,N/A,N/A,N/A,10.000.-,Gekk vel!,False
wrep59,123456-0006,N/A,N/A,N/A,10.000.-,Gekk þokkalega,False
wrep60,123456-0004,N/A,N/A,N/A,10.000.-,Gekk rosa vel,False
wrep61,123456-0005,N/A,N/A,N/A,10.000.-,Gekk vel!,False
wrep62,123456-0006,N/A,N/A,N/A,10.000.-,Gekk þokkalega,False
wrep63,123456-0004,N/A,N/A,N/A,10.000.-,Gekk rosa vel,False
wrep64,123456-0005,N/A,N/A,N/A,10.000.-,Gekk vel!,False
wrep65,123456-0006,N/A,N/A,N/A,10.000.-,Gekk þokkalega,False
wrep66,123456-0004,N/A,N/A,N/A,10.000.-,Gekk rosa vel,False
wrep67,123456-0005,N/A,N/A,N/A,10.000.-,Gekk vel!,False
wrep68,123456-0006,N/A,N/A,N/A,10.000.-,Gekk þokkalega,False
wrep69,123456-0004,N/A,N/A,N/A,10.000.-,Gekk rosa vel,False
wrep70,123456-0005,N/A,N/A,N/A,10.000.-,Gekk vel!,False
wrep71,123456-0006,N/A,N/A,N/A,10.000.-,Gekk þokkalega,False
wrep72,123456-0004,N/A,N/A,N/A,10.000.-,Gekk rosa vel,False
wrep73,123456-0005,N/A,N/A,N/A,10.000.-,Gekk vel!,False
wrep74,123456-0006,N/A,N/A,N/A,10.000.-,Gekk þokkalega,False
wrep75,123456-0004,N/A,N/A,N/A,10.000.-,Gekk rosa vel,False
wrep76,123456-0005,N/A,N/A,N/A,10.000.-,Gekk vel!,False
wrep77,123456-0006,N/A,N/A,N/A,10.000.-,Gekk þokkalega,False
wrep78,123456-0004,N/A,N/A,N/A,10.000.-,Gekk rosa vel,False
wrep79,123456-0005,N/A,N/A,N/A,10.000.-,Gekk vel!,False
wrep80,123456-0006,N/A,N/A,N/A,10.000.-,Gekk þokkalega,False
wrep81,123456-0004,N/A,N/A,N/A,10.000.-,Gekk rosa vel,False
wrep82,123456-0005,N/A,N/A,N/A,10.000.-,Gekk vel!,False
wrep83,123456-0006,N/A,N/A,N/A,10.000.-,Gekk þokkalega,False
wrep84,123456-0004,N/A,N/A,N/A,10.000.-,Gekk rosa vel,False
wrep85,123456-0005,N/A,N/A,N/A,10.000.-,Gekk vel!,False
wrep86,123456-0006,N/A,N/A,N/A,10.000.-,Gekk þokkalega,False
wrep87,123456-0004,N/A,N/A,N/A,10.000.-,Gekk rosa vel,False
wrep88,123456-0005,N/A,N/A,N/A,10.000.-,Gekk vel!,False
wrep89,123456-0006,N/A,N/A,N/A,10.000.-,Gekk þokkalega,False
wrep90,123456-0004,N/A,N/A,N/A,10.000.-,Gekk rosa vel,False
wrep91,123456-0005,N/A,N/A,N/A,10.000.-,Gekk vel!,False
wrep92,123456-0006,N/A,N/A,N/A,10.000.-,Gekk þokkalega,False
wrep93,123456-0004,N/A,N/A,N/A,10.000.-,Gekk rosa vel,False
wrep94,123456-0005,N/A,N/A,N/A,10.000.-,Gekk vel!,False
wrep95,123456-0006,N/A,N/A,N/A,10.000.-,Gekk þokkalega,False
wrep96,123456-0004,N/A,N/A,N/A,10.000.-,Gekk rosa vel,False
wrep97,123456-0005,N/A,N/A,N/A,10.000.-,Gekk vel!,False
wrep98,123456-0006,N/A,N/A,N/A,10.000.-,Gekk þokkalega,False
wrep99,123456-0004,N/A,N/A,N/A,10.000.-,Gekk rosa vel,False
wrep100,123456-0005,N/A,N/A,N/A,10.000.-,Gekk vel!,False
wrep101,123456-0006,N/A,N/A,N/A,10.000.-,Gekk þokkalega,False
wrep102,123456-0004,N/A,N/A,N/A,10.000.-,Gekk rosa vel,False
wrep103,123456-0005,N/A,N/A,N/A,10.000.-,Gekk vel!,False
wrep104,123456-0006,N/A,N/A,N/A,10.000.-,Gekk þokkalega,False
wrep105,123456-0004,N/A,N/A,N/A,10.000.-,Gekk rosa vel,False
wrep106,123456-0005,N/A,N/A,N/A,10.000.-,Gekk vel!,False
wrep107,123456-0006,N/A,N/A,N/A,10.000.-,Gekk þokkalega,False
wrep108,123456-0004,N/A,N/A,N/A,10.000.-,Gekk rosa vel,False
wrep109,123456-0005,N/A,N/A,N/A,10.000.-,Gekk vel!,False
wrep110,123456-0006,N/A,N/A,N/A,10.000.-,Gekk þokkalega,False
wrep111,123456-0004,N/A,N/A,N/A,10.000.-,Gekk rosa vel,False
wrep112,123456-0005,N/A,N/A,N/A,10.000.-,Gekk vel!,False
wrep113,123456-0006,N/A,N/A,N/A,10.000.-,Gekk þokkalega,False
wrep114,123456-0004,N/A,N/A,N/A,10.000.-,Gekk rosa vel,False
wrep115,123456-0005,N/A,N/A,N/A,10.000.-,Gekk vel!,False
wrep116,123456-0006,N/A,N/A,N/A,10.000.-,Gekk þokkalega,False
wrep117,123456-0004,N/A,N/A,N/A,10.000.-,Gekk rosa vel,False
wrep118,123456-0005,N/A,N/A,N/A,10.000.-,Gekk vel!,False
wrep119,123456-0006,N/A,N/A,N/A,10.000.-,Gekk þokkalega,False
wrep120,123456-0004,N/A,N/A,N/A,10.000.-,Gekk rosa vel,False
wrep121,123456-0005,N/A,N/A,N/A,10.000.-,Gekk vel!,False
wrep122,123456-0006,N/A,N/A,N/A,10.000.-,Gekk þokkalega,False
wrep123,123456-0004,N/A,N/A,N/A,10.000.-,Gekk rosa vel,False
wrep124,123456-0005,N/A,N/A,N/A,10.000.-,Gekk vel!,False
wrep125,123456-0006,N/A,N/A,N/A,10.000.-,Gekk þokkalega,False
wrep126,123456-0004,N/A,N/A,N/A,10.000.-,Gekk rosa vel,False
wrep127,123456-0005,N/A,N/A,N/A,10.000.-,Gekk vel!,False
wrep128,123456-0006,N/A,N/A,N/A,10.000.-,Gekk þokkalega,False
wrep129,123456-0004,N/A,N/A,N/A,10.000.-,Gekk rosa vel,False
wrep130,123456-0005,N/A,N/A,N/A,10.000.-,Gekk vel!,False
wrep131,123456-0006,N/A,N/A,N/A,10.000.-,Gekk þokkalega,False
wrep132,123456-0004,N/A,N/A,N/A,10.000.-,Gekk rosa vel,False
wrep133,123456-0005,N/A,N/A,N/A,10.000.-,Gekk vel!,False
wrep134,123456-0006,N/A,N/A,N/A,10.000.-,Gekk þokkalega,False
wrep135,123456-0004,N/A,N/A,N/A,10.000.-,Gekk rosa vel,False
wrep136,123456-0005,N/A,N/A,N/A,10.000.-,Gekk vel!,False
wrep137,123456-0006,N/A,N/A,N/A,10.000.-,Gekk þokkalega,False
wrep138,123456-0004,N/A,N/A,N/A,10.000.-,Gekk rosa vel,False
wrep139,123456-0005,N/A,N/A,N/A,10.000.-,Gekk vel!,False
wrep140,123456-0006,N/A,N/A,N/A,10.000.-,Gekk þokkalega,False
wrep141,123456-0004,N/A,N/A,N/A,10.000.-,Gekk rosa vel,False
wrep142,123456-0005,N/A,N/A,N/A,10.000.-,Gekk vel!,False
wrep143,123456-0006,N/A,N/A,N/A,10.000.-,Gekk þokkalega,False
wrep144,123456-0004,N/A,N/A,N/A,10.000.-,Gekk rosa vel,False
wrep145,123456-0005,N/A,N/A,N/A,10.000.-,Gekk vel!,False
wrep146,123456-0006,N/A,N/A,N/A,10.000.-,Gekk þokkalega,False
wrep147,123456-0004,N/A,N/A,N/A,10.000.-,Gekk rosa vel,False
wrep148,123456-0005,N/A,N/A,N/A,10.000.-,Gekk vel!,False
wrep149,123456-0006,N/A,N/A,N/A,10.000.-,Gekk þokkalega,False
wrep150,123456-0004,N/A,N/A,N/A,10.000.-,Gekk rosa vel,False
wrep151,123456-0005,N/A,N/A,N/A,10.000.-,Gekk vel!,False
wrep152,123456-0006,N/A,N/A,N/A,10.000.-,Gekk þokkalega,False
wrep153,123456-0004,N/A,N/A,N/A,10.000.-,Gekk rosa vel,False
wrep154,123456-0005,N/A,N/A,N/A,10.000.-,Gekk vel!,False
wrep155,123456-0006,N/A,N/A,N/A,10.000.-,Gekk þokkalega,False
wrep156,123456-0004,N/A,N/A,N/A,10.000.-,Gekk rosa vel,False
wrep157,123456-0005,N/A,N/A,N/A,10.000.-,Gekk vel!,False
wrep158,123456-0006,N/A,N/A,N/A,10.000.-,Gekk þokkalega,False
wrep159,123456-0004,N/A,N/A,N/A,10.000.-,Gekk rosa vel,False
wrep160,123456-0005,N/A,N/A,N/A,10.000.-,Gekk vel!,False
wrep161,123456-0006,N/A,N/A,N/A,10.000.-,Gekk þokkalega,False
wrep162,123456-0004,N/A,N/A,N/A,10.000.-,Gekk rosa vel,False
wrep163,123456-0005,N/A,N/A,N/A,10.000.-,Gekk vel!,False
wrep164,123456-0006,N/A,N/A,N/A,10.000.-,Gekk þokkalega,False
wrep165,123456-0004,N/A,N/A,N/A,10.000.-,Gekk rosa vel,False
wrep166,123456-0005,N/A,N/A,N/A,10.000.-,Gekk vel!,False
wrep167,123456-0006,N/A,N/A,N/A,10.000.-,Gekk þokkalega,False
wrep168,123456-0004,N/A,N/A,N/A,10.000.-,Gekk rosa vel,False
wrep169,123456-0005,N/A,N/A,N/A,10.000.-,Gekk vel!,False
wrep170,123456-0006,N/A,N/A,N/A,10.000.-,Gekk þokkalega,False
wrep171,123456-0004,N/A,N/A,N/A,10.000.-,Gekk rosa vel,False
wrep172,123456-0005,N/A,N/A,N/A,10.000.-,Gekk vel!,False
wrep173,123456-0006,N/A,N/A,N/A,10.000.-,Gekk þokkalega,False
wrep174,123456-0004,N/A,N/A,N/A,10.000.-,Gekk rosa vel,False
wrep175,123456-0005,N/A,N/A,N/A,10.000.-,Gekk vel!,False
wrep176,123456-0006,N/A,N/A,N/A,10.000.-,Gekk þokkalega,False
wrep177,123456-0004,N/A,N/A,N/A,10.000.-,Gekk rosa vel,False
wrep178,123456-0005,N/A,N/A,N/A,10.000.-,Gekk vel!,False
wrep179,123456-0006,N/A,N/A,N/A,10.000.-,Gekk þokkalega,False
wrep180,123456-0004,N/A,N/A,N/A,10.000.-,Gekk rosa vel,False
wrep181,123456-0005,N/A,N/A,N/A,10.000.-,Gekk vel!,False
wrep182,123456-0006,N/A,N/A,N/A,10.000.-,Gekk þokkalega,False
wrep183,123456-0004,N/A,N/A,N/A,10.000.-,Gekk rosa vel,False
wrep184,123456-0005,N/A,N/A,N/A,10.000.-,Gekk vel!,False
wrep185,123456-0006,N/A,N/A,N/A,10.000.-,Gekk þokkalega,False
wrep186,123456-0004,N/A,N/A,N/A,10.000.-,Gekk rosa vel,False
wrep187,123456-0005,N/A,N/A,N/A,10.000.-,Gekk vel!,False
wrep188,123456-0006,N/A,N/A,N/A,10.000.-,Gekk þokkalega,False
wrep189,123456-0004,N/A,N/A,N/A,10.000.-,Gekk rosa vel,False
wrep190,123456-0005,N/A,N/A,N/A,10.000.-,Gekk vel!,False
wrep191,123456-0006,N/A,N/A,N/A,10.000.-,Gekk þokkalega,False
wrep192,123456-0004,N/A,N/A,N/A,10.000.-,Gekk rosa vel,False
wrep193,123456-0005,N/A,N/A,N/A,10.000.-,Gekk vel!,False
wrep194,123456-0006,N/A,N/A,N/A,10.000.-,Gekk þokkalega,False
wrep195,123456-0004,N/A,N/A,N/A,10.000.-,Gekk rosa vel,False
wrep196,123456-0005,N/A,N/A,N/A,10.000.-,Gekk vel!,False
wrep197,123456-0006,N/A,N/A,N/A,10.000.-,Gekk þokkalega,False
wrep198,123456-0004,N/A,N/A,N/A,10.000.-,Gekk rosa vel,False
wrep199,123456-0005,N/A,N/A,N/A,10.000.-,Gekk vel!,False
wrep200,123456-0006,N/A,N/A,N/A,10.000.-,Gekk þokkalega,False
wrep201,123456-0004,N/A,N/A,N/A,10.000.-,Gekk rosa vel,False
wrep202,123456-0005,N/A,N/A,N/A,10.000.-,Gekk vel!,False
wrep203,123456-0006,N/A,N/A,N/A,10.000.-,Gekk þokkalega,False
wrep204,123456-0004,N/A,N/A,N/A,10.000.-,Gekk rosa vel,False
wrep205,123456-0005,N/A,N/A,N/A,10.000.-,Gekk vel!,False
wrep206,123456-0006,N/A,N/A,N/A,10.000.-,Gekk þokkalega,False
wrep207,123456-0004,N/A,N/A,N/A,10.000.-,Gekk rosa vel,False
wrep208,123456-0005,N/A,N/A,N/A,10.000.-,Gekk vel!,False
wrep209,123456-0006,N/A,N/A,N/A,10.000.-,Gekk þokkalega,False
wrep210,123456-0004,N/A,N/A,N/A,10.000.-,Gekk rosa vel,False
wrep211,123456-0005,N/A,N/A,N/A,10.000.-,Gekk vel!,False
wrep212,123456-0006,N/A,N/A,N/A,10.000.-,Gekk þokkalega,False
wrep213,123456-0004,N/A,N/A,N/A,10.000.-,Gekk rosa vel,False
wrep214,123456-0005,N/A,N/A,N/A,10.000.-,Gekk vel!,False
wrep215,123456-0006,N/A,N/A,N/A,10.000.-,Gekk þokkalega,False
wrep216,123456-0004,N/A,N/A,N/A,10.000.-,Gekk rosa vel,False
wrep217,123456-0005,N/A,N/A,N/A,10.000.-,Gekk vel!,False
wrep218,123456-0006,N/A,N/A,N/A,10.000.-,Gekk þokkalega,False
wrep219,123456-0004,N/A,N/A,N/A,10.000.-,Gekk rosa vel,False
wrep220,123456-0005,N/A,N/A,N/A,10.000.-,Gekk vel!,False
wrep221,123456-0006,N/A,N/A,N/A,10.000.-,Gekk þokkalega,False
wrep222,123456-0004,N/A,N/A,N/A,10.000.-,Gekk rosa vel,False
wrep223,123456-0005,N/A,N/A,N/A,10.000.-,Gekk vel!,False
wrep224,123456-0006,N/A,N/A,N/A,10.000.-,Gekk þokkalega,False
wrep225,123456-0004,N/A,N/A,N/A,10.000.-,Gekk rosa vel,False
wrep226,123456-0005,N/A,N/A,N/A,10.000.-,Gekk vel!,False
wrep227,123456-0006,N/A,N/A,N/A,10.000.-,Gekk þokkalega,False
wrep228,123456-0004,N/A,N/A,N/A,10.000.-,Gekk rosa vel,False
wrep229,123456-0005,N/A,N/A,N/A,10.000.-,Gekk vel!,False
wrep230,123456-0006,N/A,N/A,N/A,10.000.-,Gekk þokkalega,False
wrep231,123456-0004,N/A,N/A,N/A,10.000.-,Gekk rosa vel,False
wrep232,123456-0005,N/A,N/A,N/A,10.000.-,Gekk vel!,False
wrep233,123456-0006,N/A,N/A,N/A,10.000.-,Gekk þokkalega,False
wrep234,123456-0004,N/A,N/A,N/A,10.000.-,Gekk rosa vel,False
wrep235,123456-0005,N/A,N/A,N/A,10.000.-,Gekk vel!,False
wrep236,123456-0006,N/A,N/A,N/A,10.000.-,Gekk þokkalega,False
wrep237,123456-0004,N/A,N/A,N/A,10.000.-,Gekk rosa vel,False
wrep238,123456-0005,N/A,N/A,N/A,10.000.-,Gekk vel!,False
wrep239,123456-0006,N/A,N/A,N/A,10.000.-,Gekk þokkalega,False
wrep240,123456-0004,N/A,N/A,N/A,10.000.-,Gekk rosa vel,False
wrep241,123456-0005,N/A,N/A,N/A,10.000.-,Gekk vel!,False
wrep242,123456-0006,N/A,N/A,N/A,10.000.-,Gekk þokkalega,False
wrep243,123456-0004,N/A,N/A,N/A,10.000.-,Gekk rosa vel,False
wrep244,123456-0005,N/A,N/A,N/A,10.000.-,Gekk vel!,False
wrep245,123456-0006,N/A,N/A,N/A,10.000.-,Gekk þokkalega,False
wrep246,123456-0004,N/A,N/A,N/A,10.000.-,Gekk rosa vel,False
wrep247,123456-0005,N/A,N/A,N/A,10.000.-,Gekk vel!,False
wrep248,123456-0006,N/A,N/A,N/A,10.000.-,Gekk þokkalega,False
wrep249,123456-0004,N/A,N/A,N/A,10.000.-,Gekk rosa vel,False
wrep250,123456-0005,N/A,N/A,N/A,10.000.-,Gekk vel!,False
wrep251,123456-0006,N/A,N/A,N/A,10.000.-,Gekk þokkalega,False
wrep252,123456-0004,N/A,N/A,N/A,10.000.-,Gekk rosa vel,False
wrep253,123456-0005,N/A,N/A,N/A,10.000.-,Gekk vel!,False
wrep254,123456-0006,N/A,N/A,N/A,10.000.-,Gekk þokkalega,False
wrep255,123456-0004,N/A,N/A,N/A,10.000.-,Gekk rosa vel,False
wrep256,123456-0005,N/A,N/A,N/A,10.000.-,Gekk vel!,False
wrep257,123456-0006,N/A,N/A,N/A,10.000.-,Gekk þokkalega,False
wrep258,123456-0004,N/A,N/A,N/A,10.000.-,Gekk rosa vel,False
wrep259,123456-0005,N/A,N/A,N/A,10.000.-,Gekk vel!,False
wrep260,123456-0006,N/A,N/A,N/A,10.000.-,Gekk þokkalega,False
wrep261,123456-0004,N/A,N/A,N/A,10.000.-,Gekk rosa vel,False
wrep262,123456-0005,N/A,N/A,N/A,10.000.-,Gekk vel!,False
wrep263,123456-0006,N/A,N/A,N/A,10.000.-,Gekk þokkalega,False
wrep264,123456-0004,N/A,N/A,N/A,10.000.-,Gekk rosa vel,False
wrep265,123456-0005,N/A,N/A,N/A,10.000.-,Gekk vel!,False
wrep266,123456-0006,N/A,N/A,N/A,10.000.-,Gekk þokkalega,False
wrep267,123456-0004,N/A,N/A,N/A,10.000.-,Gekk rosa vel,False
wrep268,123456-0005,N/A,N/A,N/A,10.000.-,Gekk vel!,False
wrep269,123456-0006,N/A,N/A,N/A,10.000.-,Gekk þokkalega,False
wrep270,123456-0004,N/A,N/A,N/A,10.000.-,Gekk rosa vel,False
wrep271,123456-0005,N/A,N/A,N/A,10.000.-,Gekk vel!,False
wrep272,123456-0006,N/A,N/A,N/A,10.000.-,Gekk þokkalega,False
wrep273,123456-0004,N/A,N/A,N/A,10.000.-,Gekk rosa vel,False
wrep274,123456-0005,N/A,N/A,N/A,10.000.-,Gekk vel!,False
wrep275,123456-0006,N/A,N/A,N/A,10.000.-,Gekk þokkalega,False
wrep276,123456-0004,N/A,N/A,N/A,10.000.-,Gekk rosa vel,False
wrep277,123456-0005,N/A,N/A,N/A,10.000.-,Gekk vel!,False
wrep278,123456-0006,N/A,N/A,N/A,10.000.-,Gekk þokkalega,False
wrep279,123456-0004,N/A,N/A,N/A,10.000.-,Gekk rosa vel,False
wrep280,123456-0005,N/A,N/A,N/A,10.000.-,Gekk vel!,False
wrep281,123456-0006,N/A,N/A,N/A,10.000.-,Gekk þokkalega,False
wrep282,123456-0004,N/A,N/A,N/A,10.000.-,Gekk rosa vel,False
wrep283,123456-0005,N/A,N/A,N/A,10.000.-,Gekk vel!,False
wrep284,123456-0006,N/A,N/A,N/A,10.000.-,Gekk þokkalega,False
wrep285,123456-0004,N/A,N/A,N/A,10.000.-,Gekk rosa vel,False
wrep286,123456-0005,N/A,N/A,N/A,10.000.-,Gekk vel!,False
wrep287,123456-0006,N/A,N/A,N/A,10.000.-,Gekk þokkalega,False
wrep288,123456-0004,N/A,N/A,N/A,10.000.-,Gekk rosa vel,False
wrep289,123456-0005,N/A,N/A,N/A,10.000.-,Gekk vel!,False
wrep290,123456-0006,N/A,N/A,N/A,10.000.-,Gekk þokkalega,False
wrep291,123456-0004,N/A,N/A,N/A,10.000.-,Gekk rosa vel,False
wrep292,123456-0005,N/A,N/A,N/A,10.000.-,Gekk vel!,False
wrep293,123456-0006,N/A,N/A,N/A,10.000.-,Gekk þokkalega,False
wrep294,123456-0004,N/A,N/A,N/A,10.000.-,Gekk rosa vel,False
wrep295,123456-0005,N/A,N/A,N/A,10.000.-,Gekk vel!,False
wrep296,123456-0006,N/A,N/A,N/A,10.000.-,Gekk þokkalega,False
wrep297,123456-0004,N/A,N/A,N/A,10.000.-,Gekk rosa vel,False
wrep298,123456-0005,N/A,N/A,N/A,10.000.-,Gekk vel!,False
wrep299,123456-0006,N/A,N/A,N/A,10.000.-,Gekk þokkalega,False
wrep300,123456-0004,N/A,N/A,N/A,10.000.-,Gekk rosa vel,False
wrep301,123456-0005,N/A,N/A,N/A,10.000.-,Gekk vel!,False
wrep302,123456-0006,N/A,N/A,N/A,10.000.-,Gekk þokkalega,False
wrep303,123456-0004,N/A,N/A,N/A,10.000.-,Gekk rosa vel,False
wrep304,123456-0005,N/A,N/A,N/A,10.000.-,Gekk vel!,False
wrep305,123456-0006,N/A,N/A,N/A,10.000.-,Gekk þokkalega,False
wrep306,123456-0004,N/A,N/A,N/A,10.000.-,Gekk rosa vel,False
wrep307,123456-0005,N/A,N/A,N/A,10.000.-,Gekk vel!,False
wrep308,123456-0006,N/A,N/A,N/A,10.000.-,Gekk þokkalega,False
wrep309,123456-0004,N/A,N/A,N/A,10.000.-,Gekk rosa vel,False
wrep310,123456-0005,N/A,N/A,N/A,10.000.-,Gekk vel!,False
wrep311,123456-0006,N/A,N/A,N/A,10.000.-,Gekk þokkalega,False
wrep312,123456-0004,N/A,N/A,N/A,10.000.-,Gekk rosa vel,False
wrep313,123456-0005,N/A,N/A,N/A,10.000.-,Gekk vel!,False
wrep314,123456-0006,N/A,N/A,N/A,10.000.-,Gekk þokkalega,False
wrep315,123456-0004,N/A,N/A,N/A,10.000.-,Gekk rosa vel,False
wrep316,123456-0005,N/A,N/A,N/A,10.000.-,Gekk vel!,False
wrep317,123456-0006,N/A,N/A,N/A,10.000.-,Gekk þokkalega,False
wrep318,123456-0004,N/A,N/A,N/A,10.000.-,Gekk rosa vel,False
wrep319,123456-0005,N/A,N/A,N/A,10.000.-,Gekk vel!,False
wrep320,123456-0006,N/A,N/A,N/A,10.000.-,Gekk þokkalega,False
wrep321,123456-0004,N/A,N/A,N/A,10.000.-,Gekk rosa vel,False
wrep322,123456-0005,N/A,N/A,N/A,10.000.-,Gekk vel!,False
wrep323,123456-0006,N/A,N/A,N/A,10.000.-,Gekk þokkalega,False
wrep324,123456-0004,N/A,N/A,N/A,10.000.-,Gekk rosa vel,False
wrep325,123456-0005,N/A,N/A,N/A,10.000.-,Gekk vel!,False
wrep326,123456-0006,N/A,N/A,N/A,10.000.-,Gekk þokkalega,False
wrep327,123456-0004,N/A,N/A,N/A,10.000.-,Gekk rosa vel,False
wrep328,123456-0005,N/A,N/A,N/A,10.000.-,Gekk vel!,False
wrep329,123456-0006,N/A,N/A,N/A,10.000.-,Gekk þokkalega,False
wrep330,123456-0004,N/A,N/A,N/A,10.000.-,Gekk rosa vel,False
wrep331,123456-0005,N/A,N/A,N/A,10.000.-,Gekk vel!,False
wrep332,123456-0006,N/A,N/A,N/A,10.000.-,Gekk þokkalega,False
wrep333,123456-0004,N/A,N/A,N/A,10.000.-,Gekk rosa vel,False
wrep334,123456-0005,N/A,N/A,N/A,10.000.-,Gekk vel!,False
wrep335,123456-0006,N/A,N/A,N/A,10.000.-,Gekk þokkalega,False
wrep336,123456-0004,N/A,N/A,N/A,10.000.-,Gekk rosa vel,False
wrep337,123456-0005,N/A,N/A,N/A,10.000.-,Gekk vel!,False
wrep338,123456-0006,N/A,N/A,N/A,10.000.-,Gekk þokkalega,False
wrep339,123456-0004,N/A,N/A,N/A,10.000.-,Gekk rosa vel,False
wrep340,123456-0005,N/A,N/A,N/A,10.000.-,Gekk vel!,False
wrep341,123456-0006,N/A,N/A,N/A,10.000.-,Gekk þokkalega,False
wrep342,123456-0004,N/A,N/A,N/A,10.000.-,Gekk rosa vel,False
wrep343,123456-0005,N/A,N/A,N/A,10.000.-,Gekk vel!,False
wrep344,123456-0006,N/A,N/A,N/A,10.000.-,Gekk þokkalega,False
wrep345,123456-0004,N/A,N/A,N/A,10.000.-,Gekk rosa vel,False
wrep346,123456-0005,N/A,N/A,N/A,10.000.-,Gekk vel!,False
wrep347,123456-0006,N/A,N/A,N/A,10.000.-,Gekk þokkalega,False
wrep348,123456-0004,N/A,N/A,N/A,10.000.-,Gekk rosa vel,False
wrep349,123456-0005,N/A,N/A,N/A,10.000.-,Gekk vel!,False
wrep350,123456-0006,N/A,N/A,N/A,10.000.-,Gekk þokkalega,False
wrep351,123456-0004,N/A,N/A,N/A,10.000.-,Gekk rosa vel,False
wrep352,123456-0005,N/A,N/A,N/A,10.000.-,Gekk vel!,False
wrep353,123456-0006,N/A,N/A,N/A,10.000.-,Gekk þokkalega,False
wrep354,123456-0004,N/A,N/A,N/A,10.000.-,Gekk rosa vel,False
wrep355,123456-0005,N/A,N/A,N/A,10.000.-,Gekk vel!,False
wrep356,123456-0006,N/A,N/A,N/A,10.000.-,Gekk þokkalega,False
wrep357,123456-0004,N/A,N/A,N/A,10.000.-,Gekk rosa vel,False
wrep358,123456-0005,N/A,N/A,N/A,10.000.-,Gekk vel!,False
wrep359,123456-0006,N/A,N/A,N/A,10.000.-,Gekk þokkalega,False
wrep360,123456-0004,N/A,N/A,N/A,10.000.-,Gekk rosa vel,False
wrep361,123456-0005,N/A,N/A,N/A,10.000.-,Gekk vel!,False
wrep362,123456-0006,N/A,N/A,N/A,10.000.-,Gekk þokkalega,False
wrep363,123456-0004,N/A,N/A,N/A,10.000.-,Gekk rosa vel,False
wrep364,123456-0005,N/A,N/A,N/A,10.000.-,Gekk vel!,False
wrep365,123456-0006,N/A,N/A,N/A,10.000.-,Gekk þokkalega,False
wrep366,123456-0004,N/A,N/A,N/A,10.000.-,Gekk rosa vel,False
wrep367,123456-0005,N/A,N/A,N/A,10.000.-,Gekk vel!,False
wrep368,123456-0006,N/A,N/A,N/A,10.000.-,Gekk þokkalega,False
wrep369,123456-0004,N/A,N/A,N/A,10.000.-,Gekk rosa vel,False
wrep370,123456-0005,N/A,N/A,N/A,10.000.-,Gekk vel!,False
wrep371,123456-0006,N/A,N/A,N/A,10.000.-,Gekk þokkalega,False
wrep372,123456-0004,N/A,N/A,N/A,10.000.-,Gekk rosa vel,False
wrep373,123456-0005,N/A,N/A,N/A,10.000.-,Gekk vel!,False
wrep374,123456-0006,N/A,N/A,N/A,10.000.-,Gekk þokkalega,False
wrep375,123456-0004,N/A,N/A,N/A,10.000.-,Gekk rosa vel,False
wrep376,123456-0005,N/A,N/A,N/A,10.000.-,Gekk vel!,False
wrep377,123456-0006,N/A,N/A,N/A,10.000.-,Gekk þokkalega,False
wrep378,123456-0004,N/A,N/A,N/A,10.000.-,Gekk rosa vel,False
wrep379,123456-0005,N/A,N/A,N/A,10.000.-,Gekk vel!,False
wrep380,123456-0006,N/A,N/A,N/A,10.000.-,Gekk þokkalega,False
wrep381,123456-0004,N/A,N/A,N/A,10.000.-,Gekk rosa vel,False
wrep382,123456-0005,N/A,N/A,N/A,10.000.-,Gekk vel!,False
wrep383,123456-0006,N/A,N/A,N/A,10.000.-,Gekk þokkalega,False
wrep384,123456-0004,N/A,N/A,N/A,10.000.-,Gekk rosa vel,False
wrep385,123456-0005,N/A,N/A,N/A,10.000.-,Gekk vel!,False
wrep386,123456-0006,N/A,N/A,N/A,10.000.-,Gekk þokkalega,False
wrep387,123456-0004,N/A,N/A,N/A,10.000.-,Gekk rosa vel,False
wrep388,123456-0005,N/A,N/A,N/A,10.000.-,Gekk vel!,False
wrep389,123456-0006,N/A,N/A,N/A,10.000.-,Gekk þokkalega,False
wrep390,123456-0004,N/A,N/A,N/A,10.000.-,Gekk rosa vel,False
wrep391,123456-0005,N/A,N/A,N/A,10.000.-,Gekk vel!,False
wrep392,123456-0006,N/A,N/A,N/A,10.000.-,Gekk þokkalega,False
wrep393,123456-0004,N/A,N/A,N/A,10.000.-,Gekk rosa vel,False
wrep394,123456-0005,N/A,N/A,N/A,10.000.-,Gekk vel!,False
wrep395,123456-0006,N/A,N/A,N/A,10.000.-,Gekk þokkalega,False
wrep396,123456-0004,N/A,N/A,N/A,10.000.-,Gekk rosa vel,False
wrep397,123456-0005,N/A,N/A,N/A,10.000.-,Gekk vel!,False
wrep398,123456-0006,N/A,N/A,N/A,10.000.-,Gekk þokkalega,False
wrep399,123456-0004,N/A,N/A,N/A,10.000.-,Gekk rosa vel,False
wrep400,123456-0005,N/A,N/A,N/A,10.000.-,Gekk vel!,False
wrep401,123456-0006,N/A,N/A,N/A,10.000.-,Gekk þokkalega,False
wrep402,123456-0004,N/A,N/A,N/A,10.000.-,Gekk rosa vel,False
wrep403,123456-0005,N/A,N/A,N/A,10.000.-,Gekk vel!,False
wrep404,123456-0006,N/A,N/A,N/A,10.000.-,Gekk þokkalega,False
wrep405,123456-0004,N/A,N/A,N/A,10.000.-,Gekk rosa vel,False
wrep406,123456-0005,N/A,N/A,N/A,10.000.-,Gekk vel!,False
wrep407,123456-0006,N/A,N/A,N/A,10.000.-,Gekk þokkalega,False
wrep408,123456-0004,N/A,N/A,N/A,10.000.-,Gekk rosa vel,False
wrep409,123456-0005,N/A,N/A,N/A,10.000.-,Gekk vel!,False
wrep410,123456-0006,N/A,N/A,N/A,10.000.-,Gekk þokkalega,False
wrep411,123456-0004,N/A,N/A,N/A,10.000.-,Gekk rosa vel,False
wrep412,123456-0005,N/A,N/A,N/A,10.000.-,Gekk vel!,False
wrep413,123456-0006,N/A,N/A,N/A,10.000.-,Gekk þokkalega,False
wrep414,123456-0004,N/A,N/A,N/A,10.000.-,Gekk rosa vel,False
wrep415,123456-0005,N/A,N/A,N/A,10.000.-,Gekk vel!,False
wrep416,123456-0006,N/A,N/A,N/A,10.000.-,Gekk þokkalega,False
wrep417,123456-0004,N/A,N/A,N/A,10.000.-,Gekk rosa vel,False
wrep418,123456-0005,N/A,N/A,N/A,10.000.-,Gekk vel!,False
wrep419,123456-0006,N/A,N/A,N/A,10.000.-,Gekk þokkalega,False
wrep420,123456-0004,N/A,N/A,N/A,10.000.-,Gekk rosa vel,False
wrep421,123456-0005,N/A,N/A,N/A,10.000.-,Gekk vel!,False
wrep422,123456-0007,N/A,N/A,N/A,15.000.-,Gekk vel,False
wrep423,123456-0008,N/A,N/A,N/A,15.000.-,Gekk mjög vel,False
wrep424,123456-0009,N/A,N/A,N/A,15.000.-,Gekk vel,False
wrep425,123456-0007,N/A,N/A,N/A,15.000.-,Gekk mjög vel,False
wrep426,123456-0008,N/A,N/A,N/A,15.000.-,Gekk rosa vel,False
wrep427,123456-0009,N/A,N/A,N/A,15.000.-,Gekk æðislega,False
wrep428,123456-0007,N/A,N/A,N/A,15.000.-,Allt gekk vel!,False
wrep429,123456-0008,N/A,N/A,N/A,15.000.-,Gekk rosa vel!,False
wrep430,123456-0009,N/A,N/A,N/A,15.000.-,Allt gekk eins og í sögu,False
wrep431,123456-0007,N/A,N/A,N/A,15.000.-,Gekk vel að mínu mati,False
wrep432,123456-0008,N/A,N/A,N/A,15.000.-,Gekk rosa vel,False
